id,timestamp,name,value,category
1,2026-02-02T11:45:20.107095,name_432,52.22,cat_3
2,2026-02-01T21:04:33.107114,name_26,52.44,cat_1
3,2026-02-01T18:56:30.107133,name_302,54.84,cat_4
4,2026-02-02T00:13:10.107140,name_369,94.5,cat_8
5,2026-02-02T06:15:04.107156,name_281,56.6,cat_9
6,2026-02-01T14:01:31.107163,name_229,3.4,cat_2
7,2026-02-01T16:19:50.107179,name_331,41.66,cat_1
8,2026-02-01T16:08:19.107185,name_296,97.53,cat_5
9,2026-02-01T15:44:10.107192,name_498,44.67,cat_7
10,2026-02-02T11:48:56.107198,name_246,51.42,cat_9
11,2026-02-01T10:53:20.107204,name_151,4.79,cat_9
12,2026-02-02T05:52:18.107210,name_292,17.07,cat_1
13,2026-02-01T16:32:45.107217,name_275,99.9,cat_2
14,2026-02-02T10:37:08.107222,name_297,99.57,cat_5
15,2026-02-01T20:48:06.107228,name_19,75.84,cat_7
16,2026-02-01T16:00:36.107234,name_141,21.48,cat_4
17,2026-02-02T01:13:39.107241,name_20,51.49,cat_2
18,2026-02-01T11:29:38.107247,name_241,36.73,cat_8
19,2026-02-01T12:54:40.107253,name_360,64.41,cat_9
20,2026-02-02T13:39:07.107259,name_427,49.65,cat_10
21,2026-02-02T03:19:17.107265,name_302,63.19,cat_1
22,2026-02-02T06:35:17.107272,name_126,63.69,cat_7
23,2026-02-01T13:49:03.107278,name_346,79.98,cat_4
24,2026-02-02T13:42:26.107284,name_69,41.06,cat_8
25,2026-02-01T20:39:14.107290,name_171,71.11,cat_7
26,2026-02-02T10:43:11.107296,name_301,70.14,cat_10
27,2026-02-02T10:27:47.107302,name_399,95.7,cat_6
28,2026-02-01T18:20:58.107308,name_392,77.19,cat_3
29,2026-02-01T18:48:39.107314,name_414,19.91,cat_7
30,2026-02-01T16:08:29.107320,name_231,38.0,cat_6
31,2026-02-02T01:56:58.107326,name_324,41.18,cat_5
32,2026-02-02T02:33:37.107332,name_373,80.87,cat_1
33,2026-02-01T23:00:16.107338,name_163,56.24,cat_7
34,2026-02-02T09:39:16.107344,name_23,73.71,cat_7
35,2026-02-02T11:03:28.107350,name_377,43.93,cat_4
36,2026-02-02T00:50:00.107356,name_447,48.19,cat_4
37,2026-02-02T12:53:31.107362,name_260,51.95,cat_5
38,2026-02-01T17:33:12.107368,name_283,17.49,cat_5
39,2026-02-01T18:58:10.107374,name_13,27.16,cat_10
40,2026-02-02T13:47:41.107380,name_191,18.26,cat_6
41,2026-02-01T20:03:37.107387,name_100,53.09,cat_3
42,2026-02-02T06:02:16.107393,name_398,75.03,cat_10
43,2026-02-01T11:58:50.107399,name_48,75.32,cat_1
44,2026-02-02T08:24:43.107405,name_197,93.23,cat_8
45,2026-02-02T10:25:54.107411,name_484,98.19,cat_9
46,2026-02-01T18:47:19.107417,name_479,23.92,cat_1
47,2026-02-01T20:33:38.107423,name_11,80.97,cat_7
48,2026-02-01T20:07:23.107429,name_325,79.47,cat_8
49,2026-02-02T06:00:16.107435,name_204,11.05,cat_9
50,2026-02-02T07:11:15.107441,name_252,39.95,cat_7
51,2026-02-02T01:08:27.107447,name_393,95.87,cat_6
52,2026-02-01T11:22:47.107452,name_268,72.28,cat_2
53,2026-02-02T05:32:58.107458,name_470,51.58,cat_5
54,2026-02-02T08:23:02.107464,name_368,55.49,cat_7
55,2026-02-01T21:24:44.107470,name_138,97.37,cat_5
56,2026-02-01T11:09:38.107476,name_65,25.35,cat_10
57,2026-02-02T01:42:55.107482,name_165,52.05,cat_8
58,2026-02-01T21:42:11.107488,name_152,38.92,cat_5
59,2026-02-01T23:32:40.107494,name_484,52.28,cat_1
60,2026-02-02T09:26:31.107500,name_408,66.3,cat_5
61,2026-02-01T11:10:06.107506,name_351,61.86,cat_4
62,2026-02-01T21:11:28.107512,name_217,51.86,cat_5
63,2026-02-01T21:30:04.107518,name_57,76.93,cat_9
64,2026-02-02T01:12:00.107523,name_354,94.65,cat_9
65,2026-02-02T02:12:10.107531,name_215,74.54,cat_7
66,2026-02-01T21:54:55.107537,name_2,42.98,cat_9
67,2026-02-02T00:23:19.107543,name_446,13.7,cat_8
68,2026-02-02T05:37:19.107550,name_315,45.45,cat_4
69,2026-02-02T11:29:01.107556,name_426,58.75,cat_1
70,2026-02-01T19:19:19.107562,name_30,91.37,cat_4
71,2026-02-01T11:25:37.107568,name_443,21.59,cat_8
72,2026-02-02T07:25:55.107574,name_53,53.25,cat_9
73,2026-02-02T05:38:23.107580,name_349,97.96,cat_9
74,2026-02-02T08:37:52.107586,name_412,80.48,cat_1
75,2026-02-02T02:59:19.107592,name_204,74.29,cat_2
76,2026-02-01T15:59:40.107598,name_491,96.57,cat_9
77,2026-02-01T17:50:19.107605,name_80,83.3,cat_9
78,2026-02-02T06:37:34.107611,name_74,22.51,cat_4
79,2026-02-01T23:06:06.107617,name_63,88.43,cat_8
80,2026-02-01T12:46:04.107622,name_46,88.76,cat_6
81,2026-02-01T15:35:27.107628,name_15,51.21,cat_10
82,2026-02-02T09:17:08.107634,name_427,8.59,cat_7
83,2026-02-02T01:10:03.107640,name_5,76.76,cat_10
84,2026-02-01T23:08:03.107646,name_473,99.95,cat_4
85,2026-02-02T05:45:21.107652,name_354,9.17,cat_9
86,2026-02-02T10:06:14.107658,name_168,9.41,cat_3
87,2026-02-02T02:46:10.107664,name_4,80.71,cat_7
88,2026-02-02T05:46:39.107670,name_165,78.61,cat_1
89,2026-02-01T17:24:43.107676,name_58,21.48,cat_10
90,2026-02-02T12:16:56.107683,name_416,22.24,cat_9
91,2026-02-02T07:04:28.107688,name_248,28.44,cat_8
92,2026-02-02T02:46:59.107694,name_482,48.82,cat_6
93,2026-02-02T10:07:40.107701,name_439,36.01,cat_9
94,2026-02-01T11:21:48.107707,name_336,81.46,cat_10
95,2026-02-02T07:17:21.107714,name_289,93.33,cat_6
96,2026-02-02T00:42:54.107719,name_338,36.81,cat_7
97,2026-02-02T01:10:48.107725,name_34,41.59,cat_8
98,2026-02-01T16:47:17.107732,name_223,13.08,cat_4
99,2026-02-02T07:54:01.107738,name_40,59.63,cat_9
100,2026-02-02T05:37:19.107743,name_171,21.5,cat_8
101,2026-02-01T22:39:35.107750,name_46,72.32,cat_6
102,2026-02-01T10:24:39.107755,name_110,62.41,cat_5
103,2026-02-02T03:48:45.107762,name_250,27.62,cat_8
104,2026-02-01T23:44:29.107767,name_468,66.95,cat_6
105,2026-02-02T06:07:48.107773,name_224,54.93,cat_5
106,2026-02-02T08:38:11.107779,name_448,48.17,cat_10
107,2026-02-01T18:11:32.107785,name_174,26.73,cat_2
108,2026-02-01T15:11:48.107791,name_268,19.06,cat_7
109,2026-02-02T10:58:35.107797,name_205,34.75,cat_1
110,2026-02-01T23:08:38.107803,name_335,37.22,cat_7
111,2026-02-02T11:43:01.107809,name_224,45.57,cat_3
112,2026-02-01T20:41:57.107815,name_144,73.1,cat_10
113,2026-02-02T06:37:14.107821,name_191,40.6,cat_7
114,2026-02-02T05:49:39.107827,name_301,59.74,cat_10
115,2026-02-01T21:59:15.107833,name_83,99.61,cat_4
116,2026-02-01T16:49:07.107839,name_87,84.51,cat_1
117,2026-02-02T10:41:28.107845,name_332,57.97,cat_8
118,2026-02-02T07:06:23.107851,name_239,4.59,cat_7
119,2026-02-02T13:43:53.107857,name_371,76.37,cat_1
120,2026-02-01T12:00:44.107863,name_394,67.31,cat_3
121,2026-02-02T03:28:29.107869,name_187,7.59,cat_2
122,2026-02-02T10:16:03.107875,name_295,56.58,cat_6
123,2026-02-02T12:30:38.107881,name_188,91.1,cat_5
124,2026-02-01T22:27:56.107886,name_272,61.68,cat_4
125,2026-02-01T15:11:59.107892,name_158,23.6,cat_5
126,2026-02-02T06:13:15.107898,name_181,88.71,cat_7
127,2026-02-01T14:50:02.107904,name_237,10.38,cat_5
128,2026-02-01T19:16:01.107910,name_283,88.98,cat_1
129,2026-02-01T22:29:46.107917,name_207,20.6,cat_5
130,2026-02-02T09:40:04.107923,name_381,56.68,cat_9
131,2026-02-02T02:12:57.107929,name_366,98.37,cat_4
132,2026-02-01T19:45:51.107935,name_192,39.35,cat_8
133,2026-02-02T00:15:22.107941,name_426,52.26,cat_4
134,2026-02-02T03:16:05.107947,name_43,87.07,cat_2
135,2026-02-01T18:02:51.107953,name_375,75.3,cat_7
136,2026-02-02T09:54:28.107959,name_419,68.87,cat_3
137,2026-02-02T04:16:16.107966,name_136,52.06,cat_6
138,2026-02-01T21:17:56.107971,name_267,78.09,cat_9
139,2026-02-02T10:28:51.107977,name_122,20.99,cat_9
140,2026-02-01T16:05:50.107983,name_410,97.57,cat_8
141,2026-02-02T04:43:51.107989,name_29,56.99,cat_5
142,2026-02-01T17:21:33.107995,name_391,9.75,cat_3
143,2026-02-02T08:27:07.108001,name_292,78.18,cat_10
144,2026-02-01T19:10:37.108007,name_6,50.35,cat_10
145,2026-02-02T11:54:44.108013,name_186,72.1,cat_7
146,2026-02-01T23:49:47.108019,name_94,1.61,cat_10
147,2026-02-02T06:05:49.108025,name_104,51.39,cat_8
148,2026-02-02T07:26:19.108031,name_21,66.86,cat_8
149,2026-02-01T19:13:43.108037,name_404,13.67,cat_2
150,2026-02-01T20:11:42.108043,name_113,47.02,cat_6
151,2026-02-01T22:43:31.108049,name_250,58.5,cat_9
152,2026-02-01T21:27:43.108055,name_369,42.97,cat_7
153,2026-02-01T20:22:29.108061,name_13,84.45,cat_1
154,2026-02-01T21:03:10.108067,name_292,87.35,cat_5
155,2026-02-01T15:35:42.108073,name_59,14.31,cat_2
156,2026-02-02T11:05:01.108079,name_165,1.71,cat_4
157,2026-02-02T06:46:06.108085,name_464,91.38,cat_1
158,2026-02-01T15:50:27.108091,name_280,5.5,cat_10
159,2026-02-01T22:09:47.108097,name_424,69.49,cat_4
160,2026-02-02T01:12:11.108103,name_236,79.53,cat_4
161,2026-02-02T10:17:43.108109,name_6,11.89,cat_9
162,2026-02-02T08:58:49.108115,name_4,61.05,cat_7
163,2026-02-01T19:24:43.108122,name_300,34.81,cat_2
164,2026-02-02T09:54:38.108127,name_351,39.46,cat_8
165,2026-02-01T11:13:35.108133,name_458,42.33,cat_1
166,2026-02-02T10:39:02.108140,name_397,0.92,cat_6
167,2026-02-01T13:52:39.108146,name_104,1.8,cat_3
168,2026-02-02T05:22:19.108152,name_368,82.32,cat_8
169,2026-02-02T11:37:03.108158,name_15,87.49,cat_3
170,2026-02-02T11:35:44.108164,name_231,56.62,cat_1
171,2026-02-02T07:03:01.108170,name_233,20.74,cat_2
172,2026-02-01T13:04:55.108177,name_419,50.37,cat_4
173,2026-02-02T11:54:43.108183,name_248,61.07,cat_9
174,2026-02-01T15:41:13.108189,name_305,24.32,cat_5
175,2026-02-02T06:38:13.108196,name_119,36.59,cat_2
176,2026-02-02T03:06:40.108201,name_500,59.14,cat_10
177,2026-02-02T06:59:46.108208,name_166,58.24,cat_5
178,2026-02-01T15:20:50.108213,name_258,55.26,cat_9
179,2026-02-01T20:45:52.108219,name_64,11.61,cat_2
180,2026-02-01T17:36:43.108225,name_247,61.55,cat_5
181,2026-02-02T08:32:15.108231,name_289,24.61,cat_9
182,2026-02-02T02:47:47.108237,name_217,17.92,cat_1
183,2026-02-01T18:49:08.108243,name_383,23.2,cat_5
184,2026-02-01T23:59:19.108249,name_192,78.46,cat_6
185,2026-02-01T15:02:50.108255,name_45,29.16,cat_7
186,2026-02-01T22:20:27.108262,name_317,99.42,cat_9
187,2026-02-01T11:08:20.108268,name_336,94.98,cat_6
188,2026-02-01T21:22:36.108274,name_170,29.26,cat_5
189,2026-02-02T08:06:24.108279,name_301,75.77,cat_3
190,2026-02-01T18:37:27.108285,name_418,21.34,cat_6
191,2026-02-01T14:12:42.108291,name_197,94.74,cat_2
192,2026-02-01T18:05:37.108297,name_299,47.32,cat_1
193,2026-02-02T07:22:16.108303,name_184,81.93,cat_6
194,2026-02-02T03:51:52.108309,name_352,52.41,cat_9
195,2026-02-02T05:55:23.108315,name_72,62.57,cat_2
196,2026-02-02T01:52:18.108321,name_273,32.09,cat_8
197,2026-02-02T01:48:07.108327,name_60,38.1,cat_10
198,2026-02-02T02:11:44.108333,name_221,88.74,cat_6
199,2026-02-01T16:15:19.108338,name_213,75.95,cat_4
200,2026-02-02T01:34:23.108344,name_452,36.99,cat_4
201,2026-02-01T13:52:54.108350,name_497,87.56,cat_6
202,2026-02-01T21:54:44.108356,name_220,90.76,cat_5
203,2026-02-01T13:40:42.108362,name_122,16.76,cat_8
204,2026-02-01T18:07:04.108368,name_261,60.01,cat_6
205,2026-02-01T21:08:40.108375,name_252,44.26,cat_10
206,2026-02-02T09:08:03.108380,name_7,93.66,cat_6
207,2026-02-02T09:02:43.108387,name_183,35.93,cat_8
208,2026-02-01T17:34:44.108392,name_251,92.39,cat_5
209,2026-02-02T02:20:04.108398,name_96,42.81,cat_7
210,2026-02-02T08:54:45.108405,name_17,27.52,cat_2
211,2026-02-02T04:19:16.108411,name_264,83.21,cat_9
212,2026-02-02T03:27:39.108417,name_219,82.1,cat_8
213,2026-02-01T16:37:37.108423,name_463,10.66,cat_4
214,2026-02-02T07:39:31.108429,name_336,7.36,cat_3
215,2026-02-01T23:14:56.108435,name_133,58.15,cat_7
216,2026-02-01T10:21:44.108441,name_457,38.99,cat_2
217,2026-02-02T09:32:02.108446,name_49,68.97,cat_8
218,2026-02-02T02:03:13.108453,name_68,86.98,cat_3
219,2026-02-02T12:03:34.108458,name_17,23.05,cat_3
220,2026-02-01T17:25:54.108464,name_320,29.43,cat_6
221,2026-02-01T11:42:38.108470,name_392,37.37,cat_10
222,2026-02-01T18:44:33.108477,name_116,42.33,cat_8
223,2026-02-02T01:07:49.108483,name_19,28.0,cat_10
224,2026-02-01T20:14:16.108489,name_161,2.71,cat_7
225,2026-02-01T15:44:23.108495,name_223,26.06,cat_5
226,2026-02-02T08:34:33.108501,name_84,94.19,cat_9
227,2026-02-01T23:36:20.108507,name_312,25.61,cat_10
228,2026-02-01T16:36:07.108513,name_214,93.49,cat_5
229,2026-02-01T12:43:26.108519,name_23,71.37,cat_8
230,2026-02-01T11:56:31.108524,name_80,91.25,cat_9
231,2026-02-02T02:29:18.108530,name_8,19.44,cat_6
232,2026-02-01T11:26:29.108536,name_139,0.32,cat_9
233,2026-02-01T12:32:18.108542,name_154,20.63,cat_5
234,2026-02-02T07:29:04.108549,name_275,53.24,cat_8
235,2026-02-02T11:03:09.108555,name_318,14.74,cat_4
236,2026-02-01T14:11:48.108561,name_170,21.31,cat_2
237,2026-02-02T11:45:35.108567,name_81,86.74,cat_8
238,2026-02-02T00:51:55.108573,name_377,25.24,cat_7
239,2026-02-02T03:51:59.108579,name_131,59.73,cat_7
240,2026-02-02T02:24:05.108585,name_453,96.7,cat_5
241,2026-02-02T10:18:51.108591,name_478,66.76,cat_1
242,2026-02-02T07:38:37.108597,name_489,73.43,cat_4
243,2026-02-02T02:28:54.108603,name_206,4.17,cat_2
244,2026-02-01T11:10:49.108609,name_251,31.09,cat_6
245,2026-02-01T11:43:09.108615,name_335,16.55,cat_8
246,2026-02-02T06:59:36.108621,name_308,33.48,cat_4
247,2026-02-01T14:58:40.108627,name_46,90.21,cat_3
248,2026-02-01T23:55:57.108633,name_17,39.28,cat_6
249,2026-02-01T23:31:54.108639,name_443,84.28,cat_4
250,2026-02-02T07:15:26.108645,name_231,3.97,cat_5
251,2026-02-01T14:59:26.108651,name_284,83.34,cat_8
252,2026-02-02T03:27:55.108657,name_237,45.27,cat_5
253,2026-02-01T12:15:50.108662,name_18,13.74,cat_1
254,2026-02-02T04:09:57.108668,name_188,58.14,cat_5
255,2026-02-02T03:38:46.108674,name_352,59.03,cat_3
256,2026-02-01T18:57:58.108680,name_455,98.02,cat_7
257,2026-02-01T19:21:39.108686,name_17,19.23,cat_1
258,2026-02-01T11:56:53.108692,name_286,9.88,cat_5
259,2026-02-02T12:04:37.108699,name_240,25.7,cat_6
260,2026-02-02T08:34:38.108704,name_447,31.55,cat_10
261,2026-02-02T07:37:26.108711,name_125,24.47,cat_10
262,2026-02-01T14:37:46.108717,name_315,78.08,cat_6
263,2026-02-01T16:56:20.108723,name_54,85.83,cat_5
264,2026-02-02T00:20:05.108729,name_8,62.59,cat_3
265,2026-02-02T04:58:44.108735,name_200,99.83,cat_9
266,2026-02-01T14:32:31.108740,name_6,28.78,cat_8
267,2026-02-02T10:59:46.108746,name_143,77.32,cat_3
268,2026-02-01T21:45:51.108752,name_131,79.78,cat_5
269,2026-02-01T19:55:06.108758,name_371,16.5,cat_6
270,2026-02-02T11:56:26.108764,name_44,64.68,cat_5
271,2026-02-01T15:40:55.108770,name_162,19.26,cat_4
272,2026-02-02T11:51:14.108776,name_234,12.22,cat_1
273,2026-02-02T12:18:16.108782,name_456,50.86,cat_6
274,2026-02-02T09:07:27.108788,name_71,79.01,cat_3
275,2026-02-01T10:49:31.108795,name_377,41.08,cat_5
276,2026-02-02T13:41:57.108801,name_471,60.35,cat_1
277,2026-02-01T23:13:06.108807,name_327,65.96,cat_4
278,2026-02-02T03:47:47.108813,name_427,63.74,cat_9
279,2026-02-02T09:05:05.108819,name_131,48.05,cat_3
280,2026-02-01T19:15:28.108825,name_493,97.35,cat_5
281,2026-02-01T14:20:26.108831,name_35,30.55,cat_6
282,2026-02-02T07:05:39.108836,name_393,64.14,cat_2
283,2026-02-01T21:27:02.108842,name_284,36.26,cat_8
284,2026-02-02T00:47:07.108848,name_299,25.51,cat_6
285,2026-02-02T13:48:58.108854,name_12,14.83,cat_4
286,2026-02-02T05:44:26.108860,name_281,68.38,cat_3
287,2026-02-02T08:58:39.108866,name_464,71.59,cat_2
288,2026-02-02T13:37:32.108872,name_134,3.54,cat_6
289,2026-02-01T13:21:43.108878,name_499,6.82,cat_1
290,2026-02-02T00:57:07.108884,name_413,85.89,cat_8
291,2026-02-02T00:02:28.108890,name_280,29.97,cat_10
292,2026-02-02T09:34:01.108896,name_180,57.49,cat_1
293,2026-02-02T06:30:36.108902,name_120,91.71,cat_6
294,2026-02-01T16:13:43.108908,name_44,17.11,cat_3
295,2026-02-01T12:12:10.108914,name_199,73.47,cat_1
296,2026-02-02T09:24:56.108920,name_387,83.77,cat_2
297,2026-02-01T21:24:12.108925,name_167,27.25,cat_1
298,2026-02-01T19:59:29.108932,name_426,59.15,cat_8
299,2026-02-01T11:03:22.108937,name_226,50.78,cat_7
300,2026-02-02T07:38:27.108943,name_158,72.84,cat_3
301,2026-02-02T13:04:45.108949,name_26,20.71,cat_4
302,2026-02-01T22:15:24.108955,name_190,69.89,cat_10
303,2026-02-02T09:41:05.108961,name_275,21.0,cat_6
304,2026-02-02T00:53:22.108967,name_58,52.29,cat_10
305,2026-02-02T02:22:49.108973,name_3,41.62,cat_4
306,2026-02-01T23:52:44.108979,name_158,96.43,cat_5
307,2026-02-02T08:45:08.108985,name_475,29.81,cat_3
308,2026-02-02T00:27:57.108990,name_241,98.87,cat_10
309,2026-02-01T13:28:01.108996,name_313,55.49,cat_3
310,2026-02-01T13:14:41.109002,name_318,0.06,cat_2
311,2026-02-02T00:23:26.109008,name_284,34.32,cat_6
312,2026-02-01T21:55:54.109014,name_433,31.17,cat_10
313,2026-02-02T11:22:55.109020,name_144,88.31,cat_9
314,2026-02-02T00:41:34.109026,name_235,67.63,cat_7
315,2026-02-01T11:48:54.109032,name_325,67.67,cat_10
316,2026-02-01T21:20:42.109038,name_210,22.09,cat_6
317,2026-02-01T13:36:38.109044,name_244,22.46,cat_3
318,2026-02-02T06:58:50.109050,name_202,64.24,cat_10
319,2026-02-01T16:31:48.109056,name_296,4.06,cat_1
320,2026-02-02T03:14:03.109062,name_458,54.56,cat_2
321,2026-02-02T08:40:34.109068,name_336,21.41,cat_7
322,2026-02-01T22:38:52.109074,name_5,19.72,cat_1
323,2026-02-02T11:05:38.109080,name_2,67.8,cat_6
324,2026-02-01T19:27:13.109086,name_137,60.32,cat_6
325,2026-02-01T11:23:36.109092,name_297,16.65,cat_5
326,2026-02-02T08:35:12.109098,name_419,1.68,cat_6
327,2026-02-02T09:42:18.109104,name_370,4.75,cat_5
328,2026-02-01T23:20:13.109110,name_366,27.76,cat_6
329,2026-02-02T04:45:47.109115,name_227,86.1,cat_10
330,2026-02-02T00:19:47.109121,name_448,21.57,cat_7
331,2026-02-01T16:06:17.109127,name_100,78.28,cat_4
332,2026-02-02T02:09:30.109133,name_359,0.22,cat_10
333,2026-02-02T09:49:31.109140,name_91,44.84,cat_10
334,2026-02-01T10:23:25.109146,name_357,45.56,cat_5
335,2026-02-01T17:58:05.109152,name_131,65.1,cat_4
336,2026-02-01T21:26:05.109158,name_92,9.91,cat_8
337,2026-02-02T04:36:38.109164,name_270,47.92,cat_6
338,2026-02-01T14:25:31.109170,name_459,92.74,cat_6
339,2026-02-01T18:13:26.109176,name_101,72.26,cat_5
340,2026-02-02T05:44:16.109182,name_78,27.58,cat_10
341,2026-02-02T12:47:58.109188,name_142,99.77,cat_6
342,2026-02-02T06:44:27.109194,name_241,62.25,cat_1
343,2026-02-02T00:25:56.109200,name_378,11.74,cat_8
344,2026-02-02T11:20:47.109206,name_126,44.43,cat_4
345,2026-02-02T09:40:57.109212,name_240,21.56,cat_2
346,2026-02-02T00:43:16.109218,name_206,69.42,cat_1
347,2026-02-01T13:40:31.109224,name_207,87.47,cat_9
348,2026-02-02T10:51:06.109230,name_440,88.9,cat_4
349,2026-02-01T11:23:52.109236,name_430,66.93,cat_7
350,2026-02-02T09:52:22.109242,name_263,40.41,cat_8
351,2026-02-01T21:05:11.109247,name_436,8.0,cat_9
352,2026-02-02T06:32:58.109253,name_324,39.72,cat_6
353,2026-02-01T13:03:50.109259,name_306,60.31,cat_3
354,2026-02-02T06:10:41.109265,name_444,77.13,cat_1
355,2026-02-01T21:16:19.109271,name_4,52.77,cat_8
356,2026-02-02T03:40:31.109277,name_284,76.77,cat_5
357,2026-02-01T10:28:34.109283,name_318,32.5,cat_1
358,2026-02-01T17:34:56.109289,name_386,20.25,cat_3
359,2026-02-01T18:58:39.109295,name_72,56.99,cat_7
360,2026-02-02T13:11:18.109301,name_296,34.53,cat_10
361,2026-02-02T10:04:02.109307,name_173,98.12,cat_7
362,2026-02-01T15:32:51.109312,name_263,64.8,cat_9
363,2026-02-02T13:56:39.109318,name_90,2.28,cat_1
364,2026-02-01T17:44:21.109324,name_368,0.12,cat_6
365,2026-02-01T20:41:02.109331,name_481,10.07,cat_8
366,2026-02-01T15:23:52.109337,name_137,39.67,cat_6
367,2026-02-02T06:52:05.109343,name_400,45.42,cat_6
368,2026-02-01T23:25:26.109349,name_13,2.21,cat_5
369,2026-02-01T15:08:23.109355,name_262,97.68,cat_10
370,2026-02-01T18:55:14.109361,name_243,28.46,cat_3
371,2026-02-02T10:59:53.109366,name_184,95.22,cat_4
372,2026-02-01T16:19:20.109372,name_137,58.57,cat_7
373,2026-02-02T07:54:23.109378,name_65,42.18,cat_6
374,2026-02-02T04:36:44.109384,name_48,21.13,cat_7
375,2026-02-01T15:11:40.109390,name_226,67.85,cat_4
376,2026-02-01T23:40:38.109396,name_35,96.46,cat_4
377,2026-02-02T03:00:47.109402,name_158,38.82,cat_6
378,2026-02-02T07:38:48.109408,name_54,7.95,cat_4
379,2026-02-02T03:48:04.109413,name_376,17.32,cat_3
380,2026-02-01T14:03:23.109419,name_170,19.0,cat_4
381,2026-02-01T22:21:36.109425,name_492,8.02,cat_6
382,2026-02-02T10:32:49.109432,name_156,89.75,cat_10
383,2026-02-02T11:48:23.109438,name_357,73.11,cat_4
384,2026-02-02T08:46:22.109444,name_81,27.19,cat_7
385,2026-02-02T03:12:32.109449,name_328,70.52,cat_10
386,2026-02-02T13:38:38.109455,name_186,87.3,cat_5
387,2026-02-02T08:28:24.109461,name_469,45.11,cat_6
388,2026-02-01T21:38:39.109467,name_218,66.71,cat_3
389,2026-02-02T08:21:19.109473,name_153,35.71,cat_10
390,2026-02-02T07:04:30.109479,name_28,21.36,cat_5
391,2026-02-02T06:15:31.109485,name_79,70.08,cat_5
392,2026-02-02T03:59:47.109491,name_333,94.58,cat_9
393,2026-02-01T18:35:11.109497,name_471,60.05,cat_10
394,2026-02-01T23:53:03.109503,name_180,73.21,cat_5
395,2026-02-02T13:15:47.109509,name_206,8.76,cat_5
396,2026-02-01T20:26:06.109514,name_412,22.58,cat_7
397,2026-02-02T02:04:30.109520,name_458,41.28,cat_4
398,2026-02-01T21:25:13.109526,name_122,31.77,cat_3
399,2026-02-02T09:36:21.109532,name_364,95.02,cat_4
400,2026-02-02T13:27:12.109538,name_392,23.0,cat_7
401,2026-02-02T10:13:57.109544,name_441,4.84,cat_5
402,2026-02-02T04:46:28.109550,name_289,22.65,cat_4
403,2026-02-01T14:38:50.109556,name_441,26.59,cat_9
404,2026-02-01T12:18:31.109562,name_493,39.28,cat_5
405,2026-02-01T16:01:08.109568,name_214,30.1,cat_6
406,2026-02-02T04:30:10.109574,name_495,80.48,cat_8
407,2026-02-01T14:57:21.109580,name_141,93.02,cat_8
408,2026-02-01T15:31:42.109585,name_31,47.67,cat_5
409,2026-02-02T01:39:59.109591,name_336,97.25,cat_1
410,2026-02-02T04:16:19.109598,name_499,0.53,cat_2
411,2026-02-01T20:47:33.109604,name_467,41.61,cat_1
412,2026-02-01T23:18:40.109610,name_217,22.48,cat_1
413,2026-02-01T10:52:24.109615,name_243,61.47,cat_7
414,2026-02-02T13:55:59.109621,name_34,43.68,cat_5
415,2026-02-02T10:02:59.109627,name_121,90.37,cat_7
416,2026-02-01T13:19:15.109633,name_88,68.94,cat_2
417,2026-02-02T03:24:33.109639,name_326,33.38,cat_4
418,2026-02-01T12:31:01.109645,name_241,30.18,cat_9
419,2026-02-02T11:50:50.109651,name_232,32.39,cat_9
420,2026-02-01T13:52:36.109657,name_314,59.78,cat_9
421,2026-02-02T03:21:09.109663,name_415,21.77,cat_8
422,2026-02-01T15:43:26.109669,name_410,36.39,cat_8
423,2026-02-01T15:35:31.109675,name_191,17.07,cat_8
424,2026-02-01T20:13:07.109681,name_419,77.93,cat_8
425,2026-02-01T23:52:09.109686,name_361,11.08,cat_10
426,2026-02-01T19:10:53.109692,name_330,76.21,cat_2
427,2026-02-01T18:34:05.109698,name_55,1.3,cat_3
428,2026-02-02T11:31:28.109704,name_317,9.32,cat_4
429,2026-02-01T15:58:43.109710,name_360,48.85,cat_9
430,2026-02-02T08:02:41.109716,name_225,26.5,cat_4
431,2026-02-01T23:35:52.109722,name_127,2.01,cat_6
432,2026-02-01T15:52:37.109728,name_210,38.2,cat_2
433,2026-02-01T17:16:51.109734,name_159,32.86,cat_7
434,2026-02-01T22:34:30.109740,name_191,7.89,cat_4
435,2026-02-02T09:41:54.109746,name_84,28.29,cat_9
436,2026-02-02T08:51:41.109751,name_288,0.11,cat_1
437,2026-02-02T05:21:50.109758,name_110,96.47,cat_10
438,2026-02-01T23:10:18.109764,name_455,87.01,cat_1
439,2026-02-02T08:47:27.109769,name_113,58.44,cat_5
440,2026-02-01T17:09:45.109775,name_104,89.6,cat_1
441,2026-02-01T15:10:34.109781,name_282,63.62,cat_9
442,2026-02-01T23:53:01.109787,name_248,35.51,cat_3
443,2026-02-02T11:13:27.109793,name_241,32.05,cat_8
444,2026-02-02T12:09:20.109799,name_144,82.13,cat_6
445,2026-02-02T11:07:38.109804,name_325,71.83,cat_3
446,2026-02-02T04:45:48.109810,name_429,75.23,cat_9
447,2026-02-02T11:51:08.109816,name_416,7.4,cat_10
448,2026-02-01T15:29:46.109822,name_201,52.35,cat_10
449,2026-02-02T11:59:21.109828,name_218,77.12,cat_8
450,2026-02-01T16:02:46.109834,name_411,31.72,cat_8
451,2026-02-01T20:24:06.109840,name_90,48.39,cat_3
452,2026-02-02T00:02:03.109846,name_426,88.47,cat_8
453,2026-02-01T11:24:36.109852,name_469,20.76,cat_3
454,2026-02-02T10:13:24.109858,name_497,13.58,cat_8
455,2026-02-02T04:56:02.109864,name_10,96.4,cat_9
456,2026-02-02T06:05:20.109870,name_143,88.58,cat_6
457,2026-02-01T14:19:02.109883,name_336,75.54,cat_1
458,2026-02-02T04:36:51.109890,name_458,50.52,cat_3
459,2026-02-01T22:08:07.109896,name_169,27.47,cat_8
460,2026-02-01T16:55:10.109902,name_475,13.51,cat_1
461,2026-02-02T00:25:33.109908,name_239,51.09,cat_1
462,2026-02-01T23:10:48.109914,name_97,26.85,cat_10
463,2026-02-02T11:24:52.109920,name_145,34.01,cat_2
464,2026-02-01T21:34:20.109926,name_1,28.21,cat_10
465,2026-02-01T10:16:41.109932,name_272,55.36,cat_6
466,2026-02-02T07:35:54.109938,name_425,31.06,cat_8
467,2026-02-01T17:24:57.109944,name_470,19.19,cat_6
468,2026-02-02T07:06:48.109950,name_489,95.16,cat_6
469,2026-02-01T11:35:32.109956,name_221,33.33,cat_10
470,2026-02-02T12:24:55.109961,name_54,57.37,cat_4
471,2026-02-01T10:51:13.109967,name_227,9.16,cat_7
472,2026-02-02T05:39:53.109973,name_317,27.2,cat_1
473,2026-02-02T12:05:46.109979,name_24,68.26,cat_10
474,2026-02-01T20:18:02.109985,name_255,78.7,cat_5
475,2026-02-02T05:23:50.109991,name_146,16.78,cat_1
476,2026-02-01T22:06:42.109997,name_401,77.62,cat_5
477,2026-02-02T04:11:58.110003,name_383,75.46,cat_4
478,2026-02-02T09:48:35.110009,name_153,40.89,cat_9
479,2026-02-02T02:03:14.110015,name_464,78.09,cat_1
480,2026-02-02T06:46:19.110020,name_252,88.88,cat_9
481,2026-02-02T10:25:55.110026,name_92,94.92,cat_1
482,2026-02-01T13:47:20.110032,name_194,20.16,cat_9
483,2026-02-02T01:58:23.110038,name_165,90.81,cat_4
484,2026-02-01T13:59:58.110044,name_107,32.1,cat_8
485,2026-02-01T23:17:09.110050,name_426,95.64,cat_6
486,2026-02-01T17:43:48.110055,name_5,41.45,cat_1
487,2026-02-02T08:51:52.110061,name_467,19.38,cat_4
488,2026-02-01T19:27:39.110067,name_478,39.72,cat_5
489,2026-02-01T21:07:57.110073,name_81,59.83,cat_2
490,2026-02-01T10:44:01.110080,name_477,55.15,cat_8
491,2026-02-01T14:32:08.110086,name_494,60.04,cat_2
492,2026-02-01T17:58:49.110092,name_274,89.21,cat_1
493,2026-02-02T10:22:20.110098,name_7,42.61,cat_5
494,2026-02-01T16:59:22.110103,name_243,21.93,cat_5
495,2026-02-01T22:26:40.110109,name_58,78.32,cat_1
496,2026-02-02T04:23:54.110115,name_174,13.69,cat_8
497,2026-02-02T01:28:15.110121,name_231,60.26,cat_5
498,2026-02-02T01:01:26.110128,name_130,81.28,cat_4
499,2026-02-01T17:19:41.110133,name_321,49.62,cat_1
500,2026-02-01T19:38:27.110139,name_96,79.52,cat_9
501,2026-02-02T10:22:26.110145,name_380,23.27,cat_3
502,2026-02-02T00:18:13.110151,name_399,55.47,cat_1
503,2026-02-02T10:15:19.110157,name_340,44.7,cat_9
504,2026-02-01T23:33:32.110163,name_397,98.51,cat_8
505,2026-02-02T07:37:04.110169,name_3,74.85,cat_2
506,2026-02-02T13:23:09.110175,name_134,58.96,cat_4
507,2026-02-02T09:20:44.110181,name_386,90.23,cat_9
508,2026-02-01T13:50:15.110187,name_412,52.52,cat_1
509,2026-02-02T00:23:21.110193,name_500,23.31,cat_9
510,2026-02-01T17:04:55.110199,name_184,81.41,cat_9
511,2026-02-01T15:27:37.110204,name_31,29.83,cat_7
512,2026-02-01T17:26:36.110210,name_379,78.7,cat_9
513,2026-02-01T13:51:20.110217,name_248,53.55,cat_5
514,2026-02-01T18:40:47.110223,name_243,44.84,cat_4
515,2026-02-02T07:35:31.110229,name_297,98.3,cat_5
516,2026-02-02T12:41:07.110235,name_160,22.35,cat_2
517,2026-02-01T22:54:48.110241,name_84,2.35,cat_4
518,2026-02-01T12:55:32.110247,name_146,21.16,cat_6
519,2026-02-02T05:44:37.110253,name_302,70.23,cat_4
520,2026-02-01T19:12:47.110258,name_185,7.93,cat_9
521,2026-02-02T13:26:10.110265,name_298,84.66,cat_9
522,2026-02-01T20:11:34.110271,name_34,5.01,cat_3
523,2026-02-02T10:39:24.110277,name_78,81.5,cat_7
524,2026-02-02T03:19:14.110283,name_142,13.41,cat_4
525,2026-02-01T14:48:37.110289,name_115,74.88,cat_2
526,2026-02-02T01:07:54.110295,name_451,80.98,cat_9
527,2026-02-02T09:02:43.110301,name_198,34.34,cat_10
528,2026-02-02T03:11:48.110307,name_199,18.94,cat_7
529,2026-02-02T01:32:16.110312,name_345,52.44,cat_1
530,2026-02-02T10:32:30.110319,name_113,56.42,cat_9
531,2026-02-01T19:57:56.110324,name_18,52.16,cat_3
532,2026-02-02T07:00:02.110330,name_133,97.14,cat_4
533,2026-02-01T20:18:13.110336,name_293,48.99,cat_5
534,2026-02-02T05:18:05.110342,name_36,11.92,cat_2
535,2026-02-02T01:42:47.110348,name_334,42.79,cat_9
536,2026-02-01T15:18:43.110354,name_172,96.72,cat_4
537,2026-02-02T05:26:51.110360,name_186,4.62,cat_10
538,2026-02-01T12:22:11.110366,name_346,4.1,cat_5
539,2026-02-01T11:17:15.110372,name_451,11.31,cat_1
540,2026-02-02T04:13:39.110378,name_384,20.84,cat_6
541,2026-02-02T12:24:24.110384,name_424,23.65,cat_6
542,2026-02-01T15:24:18.110390,name_245,76.23,cat_4
543,2026-02-02T09:27:50.110396,name_248,33.48,cat_7
544,2026-02-02T01:42:59.110401,name_142,32.27,cat_7
545,2026-02-02T02:14:01.110407,name_65,19.01,cat_5
546,2026-02-02T12:10:26.110413,name_9,30.8,cat_9
547,2026-02-01T18:28:17.110419,name_373,88.97,cat_4
548,2026-02-02T12:09:08.110425,name_384,53.09,cat_7
549,2026-02-01T17:56:57.110431,name_431,44.26,cat_3
550,2026-02-02T13:03:20.110437,name_381,98.24,cat_4
551,2026-02-02T06:54:01.110443,name_133,39.15,cat_9
552,2026-02-01T18:08:08.110449,name_323,3.59,cat_4
553,2026-02-01T21:25:39.110455,name_341,47.47,cat_10
554,2026-02-02T01:33:42.110462,name_342,20.7,cat_7
555,2026-02-01T20:57:45.110467,name_385,40.17,cat_1
556,2026-02-01T19:56:00.110473,name_95,84.68,cat_8
557,2026-02-01T18:47:55.110479,name_483,87.21,cat_2
558,2026-02-02T02:49:26.110485,name_75,57.66,cat_4
559,2026-02-02T01:10:45.110491,name_282,82.51,cat_10
560,2026-02-02T11:53:40.110497,name_172,51.36,cat_9
561,2026-02-01T11:15:31.110503,name_41,36.17,cat_10
562,2026-02-01T13:12:56.110509,name_183,93.21,cat_3
563,2026-02-02T01:34:40.110515,name_349,19.77,cat_2
564,2026-02-02T11:22:50.110521,name_332,85.54,cat_5
565,2026-02-01T20:30:28.110527,name_403,33.33,cat_9
566,2026-02-02T11:12:42.110532,name_58,46.16,cat_1
567,2026-02-01T22:47:36.110538,name_231,94.7,cat_4
568,2026-02-02T00:42:53.110544,name_63,8.91,cat_3
569,2026-02-01T18:07:05.110550,name_214,15.06,cat_2
570,2026-02-02T02:49:54.110556,name_368,1.51,cat_6
571,2026-02-02T12:15:24.110562,name_495,21.11,cat_6
572,2026-02-02T00:19:40.110568,name_425,62.64,cat_7
573,2026-02-01T11:25:21.110574,name_335,50.69,cat_4
574,2026-02-02T02:57:29.110580,name_205,54.33,cat_7
575,2026-02-01T11:39:41.110586,name_11,54.51,cat_10
576,2026-02-01T22:08:08.110592,name_318,57.65,cat_6
577,2026-02-02T11:24:26.110598,name_207,73.08,cat_4
578,2026-02-01T22:03:53.110603,name_358,29.94,cat_5
579,2026-02-01T13:25:37.110609,name_140,25.11,cat_1
580,2026-02-02T02:35:57.110615,name_418,96.25,cat_1
581,2026-02-02T01:08:13.110621,name_465,94.99,cat_3
582,2026-02-01T15:27:49.110627,name_54,92.46,cat_4
583,2026-02-01T16:28:48.110633,name_313,81.6,cat_4
584,2026-02-02T09:52:12.110639,name_44,92.79,cat_8
585,2026-02-02T03:04:46.110645,name_88,92.67,cat_9
586,2026-02-01T17:16:55.110651,name_338,38.24,cat_6
587,2026-02-02T13:51:22.110657,name_149,7.71,cat_4
588,2026-02-02T04:26:27.110663,name_288,84.91,cat_9
589,2026-02-01T10:53:35.110669,name_467,28.08,cat_4
590,2026-02-02T13:51:23.110675,name_129,81.73,cat_5
591,2026-02-01T21:57:06.110681,name_31,32.59,cat_4
592,2026-02-02T06:25:29.110687,name_336,83.56,cat_3
593,2026-02-02T03:16:33.110693,name_139,39.27,cat_4
594,2026-02-02T03:42:30.110698,name_245,58.23,cat_5
595,2026-02-01T15:06:02.110704,name_486,50.76,cat_2
596,2026-02-01T21:53:59.110712,name_449,16.21,cat_6
597,2026-02-01T17:41:13.110717,name_490,42.0,cat_6
598,2026-02-01T12:44:22.110723,name_482,82.85,cat_1
599,2026-02-01T13:06:43.110729,name_35,17.01,cat_6
600,2026-02-02T03:25:51.110735,name_84,47.65,cat_8
601,2026-02-01T17:35:45.110741,name_229,81.37,cat_9
602,2026-02-02T10:39:10.110747,name_433,31.58,cat_9
603,2026-02-01T12:42:50.110753,name_26,85.49,cat_5
604,2026-02-01T13:23:07.110759,name_312,0.62,cat_4
605,2026-02-01T14:45:35.110765,name_16,97.83,cat_4
606,2026-02-01T20:43:23.110771,name_142,25.51,cat_2
607,2026-02-01T14:51:38.110777,name_13,93.54,cat_8
608,2026-02-01T14:59:17.110783,name_469,59.64,cat_10
609,2026-02-02T05:28:49.110789,name_89,40.09,cat_3
610,2026-02-01T23:43:52.110795,name_377,58.45,cat_9
611,2026-02-01T21:06:43.110801,name_427,1.96,cat_7
612,2026-02-01T22:42:43.110806,name_448,32.1,cat_10
613,2026-02-02T08:13:36.110812,name_144,45.32,cat_7
614,2026-02-02T12:23:32.110819,name_264,68.67,cat_7
615,2026-02-01T19:49:15.110824,name_398,56.78,cat_4
616,2026-02-01T15:16:54.110830,name_218,68.16,cat_4
617,2026-02-02T09:47:45.110836,name_100,64.38,cat_6
618,2026-02-01T23:53:09.110842,name_40,73.73,cat_4
619,2026-02-01T20:24:05.110848,name_145,51.87,cat_3
620,2026-02-02T03:04:03.110854,name_78,62.71,cat_9
621,2026-02-01T19:21:23.110860,name_171,63.27,cat_3
622,2026-02-01T10:34:23.110865,name_119,33.22,cat_8
623,2026-02-02T02:14:59.110871,name_458,70.17,cat_9
624,2026-02-02T02:02:04.110877,name_388,53.24,cat_8
625,2026-02-02T09:23:40.110883,name_153,41.04,cat_2
626,2026-02-01T22:37:29.110889,name_490,60.4,cat_8
627,2026-02-01T13:30:52.110895,name_107,54.52,cat_2
628,2026-02-02T02:52:04.110901,name_497,57.83,cat_9
629,2026-02-01T17:36:53.110907,name_437,39.64,cat_6
630,2026-02-01T23:22:07.110913,name_192,57.59,cat_8
631,2026-02-01T16:30:11.110918,name_349,77.26,cat_5
632,2026-02-01T11:23:34.110925,name_13,35.11,cat_1
633,2026-02-02T05:45:59.110931,name_144,2.97,cat_9
634,2026-02-01T13:39:22.110936,name_131,88.16,cat_9
635,2026-02-02T07:18:19.110942,name_361,0.63,cat_1
636,2026-02-02T00:05:06.110948,name_37,98.79,cat_5
637,2026-02-02T12:43:06.110954,name_261,71.24,cat_8
638,2026-02-02T01:42:01.110960,name_270,41.44,cat_6
639,2026-02-01T22:11:17.110966,name_482,98.91,cat_5
640,2026-02-02T12:52:09.110972,name_192,49.54,cat_9
641,2026-02-01T23:30:16.110978,name_376,54.81,cat_9
642,2026-02-01T12:04:41.110984,name_285,80.6,cat_2
643,2026-02-01T11:08:24.110991,name_221,54.75,cat_1
644,2026-02-02T09:47:44.110997,name_174,43.16,cat_8
645,2026-02-01T18:58:29.111003,name_116,77.17,cat_9
646,2026-02-01T15:21:09.111009,name_115,91.42,cat_1
647,2026-02-02T10:56:30.111015,name_267,27.42,cat_7
648,2026-02-01T21:31:47.111021,name_493,31.94,cat_3
649,2026-02-02T02:45:02.111027,name_142,22.85,cat_1
650,2026-02-01T14:39:52.111033,name_402,82.18,cat_2
651,2026-02-01T14:12:23.111039,name_383,90.67,cat_1
652,2026-02-02T02:42:14.111045,name_379,77.64,cat_5
653,2026-02-01T23:06:26.111051,name_45,33.29,cat_8
654,2026-02-02T00:44:32.111057,name_213,61.73,cat_6
655,2026-02-01T13:14:06.111063,name_428,90.46,cat_6
656,2026-02-02T09:27:07.111069,name_292,53.82,cat_7
657,2026-02-02T01:13:44.111075,name_27,92.2,cat_8
658,2026-02-02T07:41:25.111081,name_142,0.24,cat_2
659,2026-02-01T13:12:04.111087,name_174,76.91,cat_8
660,2026-02-01T15:04:11.111092,name_180,35.67,cat_9
661,2026-02-02T08:15:23.111098,name_81,58.94,cat_6
662,2026-02-01T10:29:38.111104,name_195,29.42,cat_9
663,2026-02-02T00:02:37.111110,name_253,38.94,cat_8
664,2026-02-02T13:42:02.111116,name_437,29.87,cat_3
665,2026-02-02T02:51:47.111122,name_174,54.78,cat_4
666,2026-02-01T12:26:09.111128,name_101,91.25,cat_10
667,2026-02-01T15:49:41.111134,name_17,5.77,cat_10
668,2026-02-02T13:20:05.111140,name_460,12.45,cat_10
669,2026-02-02T04:21:17.111146,name_244,40.06,cat_3
670,2026-02-01T22:23:29.111152,name_299,52.07,cat_4
671,2026-02-01T19:33:38.111158,name_37,71.45,cat_8
672,2026-02-02T09:10:38.111164,name_310,46.53,cat_1
673,2026-02-02T12:24:39.111170,name_189,84.5,cat_5
674,2026-02-02T09:32:00.111176,name_88,29.86,cat_6
675,2026-02-01T19:15:30.111182,name_458,24.4,cat_5
676,2026-02-01T22:24:57.111188,name_229,20.23,cat_3
677,2026-02-01T18:17:46.111194,name_287,84.92,cat_4
678,2026-02-02T11:05:20.111200,name_217,76.97,cat_6
679,2026-02-01T12:30:29.111206,name_99,92.22,cat_9
680,2026-02-01T14:09:19.111212,name_295,63.11,cat_5
681,2026-02-01T20:00:34.111218,name_172,55.39,cat_4
682,2026-02-01T23:16:44.111224,name_470,32.93,cat_10
683,2026-02-01T19:22:27.111230,name_141,15.62,cat_3
684,2026-02-02T01:44:54.111236,name_139,55.15,cat_5
685,2026-02-02T00:14:16.111242,name_197,90.5,cat_10
686,2026-02-01T16:57:59.111248,name_279,43.86,cat_1
687,2026-02-01T23:54:04.111254,name_351,62.35,cat_2
688,2026-02-01T18:40:06.111260,name_266,11.65,cat_9
689,2026-02-02T04:39:52.111266,name_139,41.75,cat_4
690,2026-02-02T10:11:20.111272,name_23,74.65,cat_8
691,2026-02-01T10:43:41.111278,name_298,69.47,cat_9
692,2026-02-02T08:26:34.111284,name_403,63.23,cat_8
693,2026-02-02T06:53:25.111290,name_129,10.27,cat_1
694,2026-02-01T18:23:59.111296,name_219,48.77,cat_8
695,2026-02-01T16:28:35.111302,name_248,92.45,cat_7
696,2026-02-01T20:07:50.111308,name_440,36.14,cat_8
697,2026-02-02T01:10:04.111314,name_199,29.6,cat_6
698,2026-02-02T12:19:50.111320,name_167,97.78,cat_4
699,2026-02-01T20:38:04.111326,name_342,93.25,cat_5
700,2026-02-02T12:04:28.111333,name_185,57.11,cat_10
701,2026-02-01T13:16:23.111339,name_175,31.18,cat_6
702,2026-02-01T17:17:50.111344,name_150,39.28,cat_7
703,2026-02-02T04:52:47.111350,name_352,36.76,cat_4
704,2026-02-02T01:23:11.111356,name_74,51.51,cat_3
705,2026-02-01T19:28:17.111362,name_303,4.87,cat_2
706,2026-02-01T17:58:04.111368,name_71,77.7,cat_4
707,2026-02-01T22:43:43.111374,name_421,96.47,cat_9
708,2026-02-01T13:17:04.111380,name_58,20.74,cat_6
709,2026-02-01T13:43:17.111386,name_7,51.52,cat_6
710,2026-02-02T06:35:24.111392,name_24,16.08,cat_9
711,2026-02-02T05:05:47.111398,name_229,90.78,cat_7
712,2026-02-01T12:55:09.111415,name_49,36.3,cat_5
713,2026-02-02T00:52:35.111421,name_341,37.21,cat_5
714,2026-02-01T17:57:04.111438,name_25,28.8,cat_8
715,2026-02-01T11:38:59.111445,name_278,51.42,cat_1
716,2026-02-02T13:51:26.111451,name_339,75.0,cat_5
717,2026-02-01T18:36:47.111467,name_381,6.47,cat_6
718,2026-02-01T16:10:29.111473,name_9,62.59,cat_1
719,2026-02-01T23:37:03.111480,name_37,70.85,cat_5
720,2026-02-02T09:52:39.111486,name_47,47.89,cat_7
721,2026-02-01T17:52:47.111501,name_478,3.5,cat_7
722,2026-02-02T00:06:46.111507,name_184,66.0,cat_7
723,2026-02-01T10:30:38.111513,name_493,83.77,cat_9
724,2026-02-02T08:20:49.111519,name_155,10.58,cat_7
725,2026-02-01T22:50:42.111524,name_249,78.27,cat_1
726,2026-02-01T11:00:59.111530,name_193,87.45,cat_7
727,2026-02-02T00:44:45.111536,name_43,67.5,cat_4
728,2026-02-01T12:26:52.111542,name_344,1.22,cat_4
729,2026-02-01T14:27:59.111548,name_7,86.29,cat_7
730,2026-02-01T23:31:04.111554,name_287,56.23,cat_3
731,2026-02-02T03:34:20.111560,name_499,66.44,cat_2
732,2026-02-01T11:53:12.111566,name_393,23.69,cat_2
733,2026-02-02T09:21:47.111571,name_34,53.26,cat_4
734,2026-02-01T12:42:02.111578,name_209,55.28,cat_7
735,2026-02-02T09:10:24.111584,name_127,63.21,cat_3
736,2026-02-02T09:01:53.111589,name_393,73.97,cat_4
737,2026-02-02T13:40:29.111595,name_130,16.11,cat_7
738,2026-02-02T06:39:32.111601,name_247,15.01,cat_5
739,2026-02-02T07:44:09.111607,name_170,5.81,cat_2
740,2026-02-01T16:21:43.111613,name_170,80.12,cat_4
741,2026-02-01T11:32:05.111619,name_408,65.76,cat_1
742,2026-02-01T17:30:39.111625,name_188,28.87,cat_8
743,2026-02-01T19:59:47.111631,name_338,95.35,cat_8
744,2026-02-01T20:12:06.111637,name_61,98.66,cat_7
745,2026-02-02T01:07:01.111643,name_302,35.99,cat_4
746,2026-02-02T08:55:10.111649,name_384,63.22,cat_3
747,2026-02-01T18:07:38.111655,name_30,23.51,cat_2
748,2026-02-01T14:35:16.111661,name_223,22.89,cat_10
749,2026-02-02T12:31:28.111667,name_135,91.18,cat_1
750,2026-02-02T08:17:38.111673,name_468,3.36,cat_1
751,2026-02-02T12:55:26.111679,name_447,23.19,cat_7
752,2026-02-02T04:38:44.111685,name_171,38.16,cat_7
753,2026-02-02T01:10:26.111691,name_464,64.67,cat_5
754,2026-02-01T21:18:19.111697,name_170,2.65,cat_10
755,2026-02-01T22:29:30.111703,name_243,75.56,cat_10
756,2026-02-02T10:24:26.111709,name_369,89.01,cat_9
757,2026-02-02T08:56:20.111715,name_345,31.34,cat_9
758,2026-02-02T11:26:03.111721,name_201,32.15,cat_10
759,2026-02-02T04:24:16.111727,name_298,74.56,cat_6
760,2026-02-01T19:43:16.111733,name_211,22.96,cat_3
761,2026-02-01T20:03:03.111739,name_435,58.09,cat_10
762,2026-02-01T16:45:14.111745,name_427,38.15,cat_4
763,2026-02-01T18:16:45.111751,name_4,72.71,cat_6
764,2026-02-01T10:46:05.111757,name_207,17.42,cat_8
765,2026-02-01T23:28:09.111763,name_287,85.63,cat_10
766,2026-02-01T21:30:19.111769,name_330,82.98,cat_3
767,2026-02-02T02:19:26.111775,name_465,3.99,cat_7
768,2026-02-01T23:48:39.111781,name_415,33.99,cat_3
769,2026-02-02T00:16:39.111786,name_212,72.33,cat_5
770,2026-02-01T21:37:06.111792,name_3,79.45,cat_8
771,2026-02-02T09:01:35.111798,name_214,10.93,cat_2
772,2026-02-02T02:38:32.111804,name_205,98.74,cat_1
773,2026-02-01T13:18:40.111810,name_280,32.27,cat_8
774,2026-02-02T03:27:03.111816,name_70,10.42,cat_4
775,2026-02-02T03:16:06.111822,name_42,50.85,cat_7
776,2026-02-02T01:59:10.111828,name_499,18.52,cat_5
777,2026-02-02T13:27:27.111834,name_71,85.18,cat_2
778,2026-02-02T00:10:55.111840,name_499,3.24,cat_1
779,2026-02-02T04:42:20.111846,name_209,3.87,cat_9
780,2026-02-02T12:40:04.111851,name_201,4.12,cat_9
781,2026-02-01T15:48:10.111857,name_394,25.24,cat_1
782,2026-02-01T17:19:57.111863,name_489,17.3,cat_4
783,2026-02-01T11:30:45.111869,name_183,80.5,cat_8
784,2026-02-02T08:09:36.111875,name_187,86.07,cat_8
785,2026-02-01T11:23:04.111881,name_498,65.93,cat_8
786,2026-02-01T17:30:31.111887,name_432,45.42,cat_8
787,2026-02-01T11:53:21.111893,name_92,28.15,cat_10
788,2026-02-01T20:06:35.111899,name_443,85.6,cat_3
789,2026-02-01T11:13:42.111905,name_396,44.59,cat_5
790,2026-02-01T16:27:19.111911,name_367,13.44,cat_7
791,2026-02-02T11:39:26.111917,name_44,81.62,cat_10
792,2026-02-01T19:15:29.111923,name_87,84.68,cat_8
793,2026-02-02T05:42:11.111928,name_205,81.96,cat_2
794,2026-02-01T16:27:07.111934,name_386,87.85,cat_8
795,2026-02-02T03:44:15.111940,name_198,82.29,cat_10
796,2026-02-02T04:38:49.111946,name_243,79.84,cat_4
797,2026-02-01T16:12:55.111952,name_222,50.36,cat_1
798,2026-02-01T16:27:02.111958,name_145,75.94,cat_5
799,2026-02-02T03:15:02.111964,name_17,79.93,cat_5
800,2026-02-01T17:44:08.111970,name_195,6.72,cat_10
801,2026-02-01T11:48:29.111976,name_358,86.2,cat_7
802,2026-02-01T16:07:27.111982,name_341,1.65,cat_2
803,2026-02-02T04:34:06.111988,name_197,86.71,cat_3
804,2026-02-01T17:40:38.111994,name_150,11.2,cat_9
805,2026-02-02T05:35:04.112001,name_484,23.02,cat_8
806,2026-02-01T14:11:29.112007,name_304,95.46,cat_2
807,2026-02-02T02:57:34.112013,name_205,14.31,cat_9
808,2026-02-02T03:19:38.112019,name_218,86.85,cat_9
809,2026-02-02T06:03:51.112024,name_211,71.88,cat_5
810,2026-02-01T23:25:37.112030,name_132,33.29,cat_1
811,2026-02-01T15:51:49.112036,name_346,77.77,cat_6
812,2026-02-02T01:11:45.112042,name_74,38.49,cat_10
813,2026-02-02T04:52:02.112048,name_112,9.33,cat_8
814,2026-02-02T06:29:32.112054,name_257,32.37,cat_10
815,2026-02-01T16:19:19.112060,name_23,2.97,cat_7
816,2026-02-02T11:57:00.112066,name_300,65.57,cat_4
817,2026-02-01T11:10:53.112071,name_88,66.8,cat_3
818,2026-02-02T01:50:52.112078,name_244,36.66,cat_10
819,2026-02-01T12:13:37.112084,name_192,18.69,cat_10
820,2026-02-01T14:22:42.112089,name_90,58.93,cat_6
821,2026-02-01T20:24:15.112095,name_102,32.54,cat_2
822,2026-02-02T04:44:09.112101,name_178,41.8,cat_1
823,2026-02-02T03:49:04.112107,name_222,67.13,cat_5
824,2026-02-02T10:50:23.112113,name_279,46.58,cat_6
825,2026-02-02T12:16:36.112119,name_477,30.03,cat_10
826,2026-02-02T05:46:49.112124,name_38,33.46,cat_7
827,2026-02-02T12:21:35.112130,name_230,97.44,cat_3
828,2026-02-01T19:21:09.112136,name_322,88.29,cat_5
829,2026-02-01T13:59:17.112142,name_348,22.86,cat_8
830,2026-02-01T14:31:52.112148,name_317,96.13,cat_7
831,2026-02-01T14:14:03.112154,name_81,22.83,cat_10
832,2026-02-01T10:25:49.112160,name_30,34.84,cat_9
833,2026-02-02T03:01:49.112166,name_254,72.24,cat_9
834,2026-02-02T03:39:27.112172,name_201,98.77,cat_10
835,2026-02-02T08:48:12.112178,name_396,38.77,cat_8
836,2026-02-02T06:10:47.112184,name_403,87.55,cat_3
837,2026-02-01T17:36:05.112190,name_428,66.53,cat_3
838,2026-02-02T10:56:55.112196,name_281,5.92,cat_1
839,2026-02-02T06:56:02.112202,name_310,84.31,cat_8
840,2026-02-02T04:11:45.112208,name_307,62.05,cat_1
841,2026-02-02T06:00:34.112214,name_295,20.43,cat_5
842,2026-02-02T03:36:26.112220,name_437,33.27,cat_3
843,2026-02-02T00:00:56.112226,name_268,80.22,cat_9
844,2026-02-02T06:39:29.112232,name_280,3.36,cat_5
845,2026-02-02T09:57:31.112238,name_284,82.51,cat_8
846,2026-02-02T08:17:48.112244,name_154,31.77,cat_1
847,2026-02-02T05:09:00.112250,name_287,98.3,cat_4
848,2026-02-02T06:20:32.112256,name_31,11.29,cat_10
849,2026-02-01T11:50:00.112262,name_469,6.88,cat_5
850,2026-02-02T04:14:13.112268,name_33,92.74,cat_4
851,2026-02-01T15:29:21.112274,name_186,78.04,cat_2
852,2026-02-02T11:45:14.112280,name_106,41.56,cat_9
853,2026-02-01T18:28:45.112286,name_376,28.65,cat_5
854,2026-02-02T05:29:49.112292,name_90,33.28,cat_3
855,2026-02-02T07:32:53.112297,name_79,76.63,cat_9
856,2026-02-01T18:37:02.112303,name_65,61.77,cat_7
857,2026-02-01T14:58:31.112309,name_286,29.9,cat_8
858,2026-02-01T15:09:06.112315,name_239,2.49,cat_9
859,2026-02-01T16:15:50.112322,name_325,20.86,cat_3
860,2026-02-01T22:33:11.112327,name_240,74.12,cat_10
861,2026-02-01T18:54:13.112334,name_303,88.8,cat_8
862,2026-02-02T13:59:34.112340,name_299,58.05,cat_2
863,2026-02-01T10:20:31.112346,name_318,52.24,cat_10
864,2026-02-01T22:42:38.112352,name_6,59.82,cat_8
865,2026-02-02T01:51:26.112358,name_463,95.32,cat_1
866,2026-02-02T06:36:22.112363,name_495,0.27,cat_7
867,2026-02-02T12:19:38.112369,name_89,13.11,cat_3
868,2026-02-02T09:27:51.112375,name_91,60.66,cat_5
869,2026-02-02T02:38:52.112381,name_398,63.77,cat_1
870,2026-02-02T03:36:21.112387,name_20,30.3,cat_10
871,2026-02-01T23:27:59.112393,name_174,79.38,cat_2
872,2026-02-01T23:24:20.112399,name_392,51.72,cat_1
873,2026-02-01T18:27:56.112405,name_427,69.59,cat_7
874,2026-02-01T12:47:45.112411,name_38,61.58,cat_2
875,2026-02-02T07:35:07.112417,name_431,26.74,cat_8
876,2026-02-01T13:21:33.112423,name_15,57.59,cat_1
877,2026-02-01T11:59:13.112429,name_79,91.14,cat_7
878,2026-02-01T15:47:21.112435,name_146,0.44,cat_2
879,2026-02-02T08:09:17.112441,name_131,48.38,cat_3
880,2026-02-01T21:32:52.112447,name_4,37.96,cat_5
881,2026-02-01T23:49:22.112453,name_33,0.13,cat_6
882,2026-02-02T11:16:52.112459,name_85,67.16,cat_4
883,2026-02-01T12:13:28.112465,name_261,18.15,cat_10
884,2026-02-02T09:03:14.112470,name_337,68.65,cat_6
885,2026-02-02T02:23:45.112477,name_121,76.84,cat_4
886,2026-02-01T11:30:15.112482,name_348,41.08,cat_1
887,2026-02-01T14:02:23.112488,name_173,3.17,cat_7
888,2026-02-01T15:40:30.112494,name_345,17.51,cat_8
889,2026-02-02T11:31:36.112500,name_411,94.83,cat_2
890,2026-02-01T11:28:43.112506,name_405,90.42,cat_6
891,2026-02-01T10:23:11.112512,name_200,75.69,cat_4
892,2026-02-01T21:26:57.112517,name_223,40.05,cat_7
893,2026-02-02T03:16:22.112523,name_73,95.82,cat_10
894,2026-02-02T04:41:03.112530,name_240,6.67,cat_9
895,2026-02-01T21:04:54.112536,name_424,10.07,cat_6
896,2026-02-02T06:51:39.112541,name_492,19.78,cat_6
897,2026-02-02T05:34:40.112547,name_226,99.92,cat_9
898,2026-02-02T09:02:14.112553,name_381,38.79,cat_3
899,2026-02-02T08:53:01.112559,name_148,42.2,cat_10
900,2026-02-01T16:12:01.112565,name_460,63.69,cat_3
901,2026-02-01T15:43:59.112572,name_147,67.62,cat_1
902,2026-02-02T10:03:04.112578,name_196,94.39,cat_8
903,2026-02-01T17:54:58.112583,name_474,95.28,cat_2
904,2026-02-01T14:11:24.112590,name_178,93.29,cat_1
905,2026-02-01T16:50:54.112596,name_68,97.31,cat_8
906,2026-02-01T23:52:06.112601,name_137,74.57,cat_8
907,2026-02-01T18:19:05.112607,name_228,78.39,cat_4
908,2026-02-01T18:18:45.112613,name_405,57.5,cat_9
909,2026-02-01T21:32:14.112619,name_314,72.15,cat_8
910,2026-02-02T05:55:59.112626,name_417,31.51,cat_8
911,2026-02-02T07:01:29.112632,name_416,18.85,cat_6
912,2026-02-02T02:16:39.112638,name_328,43.61,cat_4
913,2026-02-02T03:38:46.112644,name_497,79.98,cat_10
914,2026-02-02T10:53:20.112650,name_214,59.34,cat_7
915,2026-02-01T18:19:18.112656,name_448,23.12,cat_1
916,2026-02-02T06:05:28.112662,name_139,45.77,cat_1
917,2026-02-02T09:34:35.112668,name_352,73.61,cat_6
918,2026-02-01T14:43:45.112674,name_100,62.21,cat_3
919,2026-02-02T02:24:25.112680,name_119,42.75,cat_6
920,2026-02-02T03:36:15.112685,name_58,57.1,cat_6
921,2026-02-02T07:58:12.112692,name_487,10.51,cat_9
922,2026-02-01T15:23:07.112697,name_296,38.35,cat_5
923,2026-02-01T12:36:56.112703,name_161,45.45,cat_6
924,2026-02-02T07:58:21.112709,name_190,27.02,cat_3
925,2026-02-02T06:02:54.112715,name_110,56.69,cat_9
926,2026-02-01T12:39:10.112720,name_374,69.68,cat_10
927,2026-02-02T05:03:23.112727,name_164,19.5,cat_4
928,2026-02-01T17:00:09.112733,name_184,52.42,cat_8
929,2026-02-01T17:13:11.112738,name_492,63.95,cat_3
930,2026-02-01T18:57:30.112744,name_405,71.36,cat_1
931,2026-02-01T20:51:57.112750,name_25,55.58,cat_5
932,2026-02-02T10:12:47.112756,name_428,34.32,cat_2
933,2026-02-01T13:53:48.112762,name_133,58.83,cat_1
934,2026-02-02T08:58:14.112768,name_468,60.53,cat_8
935,2026-02-01T20:28:41.112774,name_390,60.2,cat_8
936,2026-02-02T00:34:47.112781,name_387,84.44,cat_9
937,2026-02-02T04:34:42.112787,name_133,4.35,cat_9
938,2026-02-02T03:51:40.112792,name_147,35.71,cat_7
939,2026-02-01T11:59:38.112798,name_454,65.11,cat_4
940,2026-02-02T01:57:33.112804,name_64,4.78,cat_7
941,2026-02-02T06:14:26.112810,name_10,52.15,cat_6
942,2026-02-01T11:23:24.112816,name_467,93.9,cat_7
943,2026-02-02T00:56:35.112822,name_62,0.86,cat_3
944,2026-02-01T19:23:14.112828,name_250,43.21,cat_6
945,2026-02-01T18:22:35.112834,name_19,93.28,cat_2
946,2026-02-02T12:12:34.112840,name_295,78.68,cat_1
947,2026-02-02T02:42:53.112846,name_265,19.53,cat_7
948,2026-02-01T22:00:33.112852,name_380,12.46,cat_7
949,2026-02-01T18:53:52.112858,name_67,17.97,cat_7
950,2026-02-02T06:21:28.112864,name_463,74.61,cat_10
951,2026-02-01T10:29:57.112870,name_236,77.67,cat_5
952,2026-02-02T01:39:52.112876,name_120,52.32,cat_10
953,2026-02-01T14:43:58.112882,name_5,11.15,cat_5
954,2026-02-02T04:48:39.112888,name_44,83.97,cat_1
955,2026-02-02T01:07:56.112894,name_237,13.48,cat_8
956,2026-02-02T07:36:57.112900,name_223,9.04,cat_4
957,2026-02-02T08:51:31.112906,name_230,99.57,cat_3
958,2026-02-02T01:10:08.112912,name_160,30.81,cat_5
959,2026-02-02T05:34:33.112918,name_113,84.15,cat_7
960,2026-02-01T16:05:48.112923,name_312,72.49,cat_3
961,2026-02-01T21:26:27.112929,name_118,31.78,cat_8
962,2026-02-01T19:58:53.112935,name_240,0.5,cat_1
963,2026-02-01T16:04:45.112942,name_33,69.52,cat_8
964,2026-02-02T01:14:29.112948,name_59,29.66,cat_5
965,2026-02-01T10:20:26.112954,name_59,39.0,cat_9
966,2026-02-01T20:56:01.112960,name_387,5.48,cat_5
967,2026-02-02T03:25:25.112966,name_58,69.43,cat_8
968,2026-02-01T21:18:45.112972,name_309,15.27,cat_4
969,2026-02-01T19:08:26.112978,name_420,66.18,cat_9
970,2026-02-01T11:23:41.112984,name_473,49.46,cat_9
971,2026-02-02T05:39:45.112990,name_108,77.64,cat_6
972,2026-02-01T23:11:28.112995,name_360,72.97,cat_1
973,2026-02-02T13:10:46.113002,name_393,60.28,cat_4
974,2026-02-02T12:37:01.113008,name_386,31.37,cat_4
975,2026-02-01T23:36:56.113013,name_222,87.1,cat_10
976,2026-02-01T17:36:49.113019,name_483,68.92,cat_9
977,2026-02-01T10:27:47.113025,name_201,39.27,cat_9
978,2026-02-01T23:23:35.113031,name_11,55.29,cat_9
979,2026-02-01T19:11:27.113037,name_231,33.05,cat_8
980,2026-02-02T10:54:06.113043,name_84,11.2,cat_9
981,2026-02-02T07:25:16.113049,name_34,33.5,cat_5
982,2026-02-01T15:15:26.113055,name_453,42.21,cat_3
983,2026-02-02T08:07:50.113061,name_368,45.19,cat_5
984,2026-02-01T13:17:26.113067,name_397,76.25,cat_5
985,2026-02-01T18:50:24.113073,name_239,46.04,cat_9
986,2026-02-01T13:57:40.113079,name_238,38.22,cat_10
987,2026-02-02T02:39:11.113085,name_258,80.16,cat_1
988,2026-02-01T10:36:25.113091,name_337,11.06,cat_6
989,2026-02-01T10:43:21.113096,name_452,96.92,cat_1
990,2026-02-01T19:12:17.113102,name_362,53.27,cat_6
991,2026-02-01T12:08:50.113108,name_256,53.85,cat_2
992,2026-02-01T17:09:23.113114,name_151,56.87,cat_4
993,2026-02-02T08:04:02.113120,name_423,42.68,cat_2
994,2026-02-02T07:38:13.113126,name_286,29.81,cat_4
995,2026-02-01T20:45:26.113132,name_206,98.48,cat_8
996,2026-02-01T19:11:33.113138,name_435,6.61,cat_2
997,2026-02-02T02:39:47.113144,name_379,58.63,cat_1
998,2026-02-02T11:23:55.113150,name_187,29.62,cat_6
999,2026-02-01T20:54:00.113156,name_271,24.39,cat_1
1000,2026-02-02T13:33:34.113162,name_19,87.66,cat_1